{
    "dataset": "loveda",
    "epoch": 120,
    "train_metrics": {
        "loss": 0.42101766566435495
    },
    "val_metrics": {
        "miou": 0.4984664976495841,
        "accuracy": 0.6761271785874968,
        "per_class_iou": [
            0.42389539217476463,
            0.5645985557082934,
            0.5363991094131135,
            0.5778086757250263,
            0.35026375403360643,
            0.41393040096764905,
            0.6223695955246352
        ],
        "loss": 0.7999642033611188
    },
    "best_miou": 0.5257523516438546,
    "patience_counter": 49,
    "training_time": 35990.733741521835,
    "early_stopped": false
}