{
    "dataset": "openearthmap",
    "epoch": 496,
    "train_metrics": {
        "loss": 0.2889550674557686
    },
    "val_metrics": {
        "miou": 0.6999601061827009,
        "accuracy": 0.7848209423062832,
        "per_class_iou": [
            0.9136126794688213,
            0.5917689520773092,
            0.5372315104458052,
            0.5717041368782395,
            0.6369338698508482,
            0.8034861917020852,
            0.8490192924865747,
            0.6959242165519237
        ],
        "loss": 0.5313770875930787
    },
    "best_miou": 0.7035965892199478,
    "patience_counter": 49,
    "training_time": 36948.28605508804,
    "early_stopped": false
}