{
    "dataset": "vaihingen",
    "epoch": 237,
    "train_metrics": {
        "loss": 0.477059792727232
    },
    "val_metrics": {
        "miou": 0.5819263538863583,
        "accuracy": 0.7918151705159191,
        "per_class_iou": [
            0.6548177041715993,
            0.755839576552459,
            0.5892770233323815,
            0.6999780907564211,
            0.20971937461893014
        ],
        "loss": 0.6746545053761581
    },
    "best_miou": 0.6058443944768369,
    "patience_counter": 49,
    "training_time": 6053.129615783691,
    "early_stopped": false
}