{
    "dataset": "isaid",
    "epoch": 200,
    "train_metrics": {
        "loss": 0.2160663648603738
    },
    "val_metrics": {
        "miou": 0.21590705121367607,
        "accuracy": 0.8569419960449927,
        "per_class_iou": [
            0.857976423232325,
            0.1407908505716429,
            0.1128771042854771,
            0.10137922811846867,
            0.4687721263610921,
            0.10334472678513161,
            0.11080900244916075,
            0.043807800441761864,
            0.22484682184829172,
            0.06115110636132169,
            0.03427696164516279,
            0.06680767562176458,
            null,
            0.4130511355787039,
            0.3229505252789077,
            0.17576427962592855
        ],
        "loss": 0.7271468586286591
    },
    "best_miou": 0.233697870718197,
    "patience_counter": 49,
    "training_time": 471350.332020998,
    "early_stopped": false
}