{
    "dataset": "landcoverai",
    "epoch": 158,
    "train_metrics": {
        "loss": 0.09873999524046667
    },
    "val_metrics": {
        "miou": 0.6905420550882578,
        "accuracy": 0.8990213367971737,
        "per_class_iou": [
            0.8431079312787707,
            0.5577837366303328,
            0.8259410663798634,
            0.7418345463634323,
            0.48404299478889024
        ],
        "loss": 0.29982764214425905
    },
    "best_miou": 0.7144277350291245,
    "patience_counter": 49,
    "training_time": 37046.04147171974,
    "early_stopped": false
}