{
    "dataset": "potsdam",
    "epoch": 198,
    "train_metrics": {
        "loss": 0.2582654813863337
    },
    "val_metrics": {
        "miou": 0.6726454283590431,
        "accuracy": 0.8506340490068708,
        "per_class_iou": [
            0.778615334866108,
            0.8673651463280894,
            0.696658778342813,
            0.7320584706075232,
            0.6292991467583126,
            0.3318756932514124
        ],
        "loss": 0.5556312403721468
    },
    "best_miou": 0.6791603987917639,
    "patience_counter": 49,
    "training_time": 54555.05079603195,
    "early_stopped": false
}